-- =========================================
-- BAZA RELACYJNO-OBIEKTOWA (PostgreSQL)
-- =========================================

-- opcjonalnie:
-- CREATE DATABASE codeseries;
-- \c codeseries

-- ==== ENUMY ====

CREATE TYPE title_level_enum AS ENUM ('ADVANCED', 'BEGINNER', 'INTERMEDIATE');

-- ==== DOMENY (typy z dodatkowymi ograniczeniami) ====

CREATE DOMAIN email_address AS varchar(255)
    CHECK (VALUE LIKE '%@%' AND POSITION('@' IN VALUE) > 1);

CREATE DOMAIN rating_int AS integer
    CHECK (VALUE BETWEEN 1 AND 5);

-- ==== TYPY ZŁOŻONE (COMPOSITE TYPES) ====

-- Imię + nazwisko jako jeden obiekt
CREATE TYPE full_name AS (
    first_name varchar(255),
    surname    varchar(255)
    );

-- Dane kontaktowe jako jeden obiekt
CREATE TYPE contact_info AS (
    email        email_address,
    phone_number varchar(255)
    );

-- Metadane pliku wideo jako jeden obiekt
CREATE TYPE video_file AS (
    file_name varchar(255),
    file_path varchar(255),
    file_size bigint
    );

-- Poziom użytkownika jako obiekt (liczba + poziom tekstowy)
CREATE TYPE user_level AS (
    level integer,
    title title_level_enum
    );

-- =========================================
--           TABELKI WŁAŚCIWE
-- =========================================

-- ==== TABELA: role ====

DROP TABLE IF EXISTS role CASCADE;

CREATE TABLE role (
                      role_id   bigint GENERATED BY DEFAULT AS IDENTITY PRIMARY KEY,
                      role_name varchar(255) NOT NULL UNIQUE
);

-- ==== TABELA: "user" ====
-- Zastosowanie:
--  - full_name        (obiekt)
--  - contact_info     (obiekt)
--  - user_level       (obiekt)

DROP TABLE IF EXISTS "user" CASCADE;

CREATE TABLE "user" (
                        user_id    bigint GENERATED BY DEFAULT AS IDENTITY PRIMARY KEY,
                        name       full_name      NOT NULL,  -- (first_name, surname)
                        contacts   contact_info   NOT NULL,  -- (email, phone_number)
                        age        integer,
                        created_at timestamp(6)   NOT NULL,
                        updated_at timestamp(6)   NOT NULL,
                        password   varchar(255)   NOT NULL,
                        role_id    bigint         NOT NULL,
                        level_info user_level     NOT NULL,  -- (level, title)
                        username   varchar(255)   NOT NULL UNIQUE,

                        CONSTRAINT fk_user_role
                            FOREIGN KEY (role_id) REFERENCES role(role_id)
);

-- Dla wygody możesz zdefiniować widok z "płaskimi" kolumnami:
-- CREATE VIEW user_flat AS
-- SELECT
--   user_id,
--   (name).first_name   AS first_name,
--   (name).surname      AS surname,
--   (contacts).email    AS email,
--   (contacts).phone_number AS phone_number,
--   (level_info).level  AS level,
--   (level_info).title  AS title,
--   age, created_at, updated_at, password, role_id, username
-- FROM "user";

-- ==== TABELA: courses ====

DROP TABLE IF EXISTS courses CASCADE;

CREATE TABLE courses (
                         course_id   bigint GENERATED BY DEFAULT AS IDENTITY PRIMARY KEY,
                         created_at  timestamp(6)   NOT NULL,
                         description varchar(255)   NOT NULL,
                         title       varchar(255)   NOT NULL,
                         updated_at  timestamp(6)   NOT NULL,
                         title_lvl   title_level_enum NOT NULL
);

-- ==== TABELA: lessons ====

DROP TABLE IF EXISTS lessons CASCADE;

CREATE TABLE lessons (
                         lesson_id      bigint GENERATED BY DEFAULT AS IDENTITY PRIMARY KEY,
                         content        varchar(255) NOT NULL,
                         created_at     timestamp(6) NOT NULL,
                         title          varchar(255) NOT NULL,
                         updated_at     timestamp(6) NOT NULL,
                         course_id      bigint       NOT NULL,
                         lesson_number  integer      NOT NULL,
                         required_level integer      NOT NULL,
                         CONSTRAINT fk_lessons_course
                             FOREIGN KEY (course_id) REFERENCES courses(course_id)
);

-- ==== TABELA: assignments ====

DROP TABLE IF EXISTS assignments CASCADE;

CREATE TABLE assignments (
                             assignment_id bigint GENERATED BY DEFAULT AS IDENTITY PRIMARY KEY,
                             created_at    timestamp(6)   NOT NULL,
                             description   text           NOT NULL,
                             title         varchar(255)   NOT NULL,
                             updated_at    timestamp(6)   NOT NULL,
                             lesson_id     bigint         NOT NULL,
                             title_lvl     title_level_enum NOT NULL,
                             CONSTRAINT fk_assignments_lesson
                                 FOREIGN KEY (lesson_id) REFERENCES lessons(lesson_id)
);

-- ==== TABELA: solutions ====

DROP TABLE IF EXISTS solutions CASCADE;

CREATE TABLE solutions (
                           solution_id  bigint GENERATED BY DEFAULT AS IDENTITY PRIMARY KEY,
                           content      text         NOT NULL,
                           created_at   timestamp(6) NOT NULL,
                           assignment_id bigint      NOT NULL,
                           language     varchar(255) NOT NULL,
                           CONSTRAINT fk_solutions_assignment
                               FOREIGN KEY (assignment_id) REFERENCES assignments(assignment_id)
);

-- ==== TABELA: comments ====
-- rating jako domena rating_int

DROP TABLE IF EXISTS comments CASCADE;

CREATE TABLE comments (
                          comment_id bigint GENERATED BY DEFAULT AS IDENTITY PRIMARY KEY,
                          content    varchar(255) NOT NULL,
                          created_at timestamp(6) NOT NULL,
                          rating     rating_int,
                          lesson_id  bigint NOT NULL,
                          user_id    bigint NOT NULL,
                          CONSTRAINT fk_comments_lesson
                              FOREIGN KEY (lesson_id) REFERENCES lessons(lesson_id),
                          CONSTRAINT fk_comments_user
                              FOREIGN KEY (user_id) REFERENCES "user"(user_id)
);

-- ==== TABELA: daily_task ====

DROP TABLE IF EXISTS daily_task CASCADE;

CREATE TABLE daily_task (
                            task_id     bigint GENERATED BY DEFAULT AS IDENTITY PRIMARY KEY,
                            description varchar(255),
                            title       varchar(255)
);

-- ==== TABELA: daily_task_assignment ====

DROP TABLE IF EXISTS daily_task_assignment CASCADE;

CREATE TABLE daily_task_assignment (
                                       id                 bigint GENERATED BY DEFAULT AS IDENTITY PRIMARY KEY,
                                       assignment_date    date,
                                       daily_task_task_id bigint,
                                       user_user_id       bigint,
                                       CONSTRAINT fk_daily_task_assignment_task
                                           FOREIGN KEY (daily_task_task_id) REFERENCES daily_task(task_id),
                                       CONSTRAINT fk_daily_task_assignment_user
                                           FOREIGN KEY (user_user_id) REFERENCES "user"(user_id)
);

-- ==== TABELA: daily_task_result ====

DROP TABLE IF EXISTS daily_task_result CASCADE;

CREATE TABLE daily_task_result (
                                   daily_task_result_id bigint GENERATED BY DEFAULT AS IDENTITY PRIMARY KEY,
                                   completed_at         timestamp(6),
                                   points               bigint,
                                   task_id              bigint NOT NULL,
                                   user_id              bigint NOT NULL,
                                   CONSTRAINT fk_daily_task_result_task
                                       FOREIGN KEY (task_id) REFERENCES daily_task(task_id),
                                   CONSTRAINT fk_daily_task_result_user
                                       FOREIGN KEY (user_id) REFERENCES "user"(user_id)
);

-- ==== TABELA: quiz ====

DROP TABLE IF EXISTS quiz CASCADE;

CREATE TABLE quiz (
                      quiz_id bigint GENERATED BY DEFAULT AS IDENTITY PRIMARY KEY,
                      title   varchar(255)
);

-- ==== TABELA: question ====
-- TU wprowadzamy "obiektowość" przez tablicę możliwych odpowiedzi
-- zamiast osobnej relacji question_options.

DROP TABLE IF EXISTS question CASCADE;

CREATE TABLE question (
                          question_id    bigint GENERATED BY DEFAULT AS IDENTITY PRIMARY KEY,
                          content        varchar(255) NOT NULL,
                          correct_answer varchar(255) NOT NULL,
                          quiz_id        bigint       NOT NULL,
                          options        varchar(255)[] NOT NULL, -- tablica opcji odpowiedzi
                          CONSTRAINT fk_question_quiz
                              FOREIGN KEY (quiz_id) REFERENCES quiz(quiz_id)
);

-- Stara tabela question_options NIE jest już potrzebna
-- (jej rolę przejęła tablica options w question).
-- Jeśli chcesz zostawić, możesz ją potraktować np. jako typ złożony,
-- ale tutaj ją po prostu usuwamy.

DROP TABLE IF EXISTS question_options CASCADE;

-- ==== TABELA: quiz_result ====

DROP TABLE IF EXISTS quiz_result CASCADE;

CREATE TABLE quiz_result (
                             quiz_result_id bigint GENERATED BY DEFAULT AS IDENTITY PRIMARY KEY,
                             completed_at   timestamp(6),
                             points         bigint,
                             quiz_id        bigint NOT NULL,
                             user_id        bigint NOT NULL,
                             CONSTRAINT fk_quiz_result_quiz
                                 FOREIGN KEY (quiz_id) REFERENCES quiz(quiz_id),
                             CONSTRAINT fk_quiz_result_user
                                 FOREIGN KEY (user_id) REFERENCES "user"(user_id)
);

-- ==== TABELA: progress ====

DROP TABLE IF EXISTS progress CASCADE;

CREATE TABLE progress (
                          progress_id  bigint GENERATED BY DEFAULT AS IDENTITY PRIMARY KEY,
                          completed_at timestamp(6),
                          course_id    bigint NOT NULL,
                          lesson_id    bigint NOT NULL,
                          user_id      bigint NOT NULL,
                          CONSTRAINT fk_progress_course
                              FOREIGN KEY (course_id) REFERENCES courses(course_id),
                          CONSTRAINT fk_progress_lesson
                              FOREIGN KEY (lesson_id) REFERENCES lessons(lesson_id),
                          CONSTRAINT fk_progress_user
                              FOREIGN KEY (user_id) REFERENCES "user"(user_id)
);

-- ==== TABELA: submissions ====

DROP TABLE IF EXISTS submissions CASCADE;

CREATE TABLE submissions (
                             submission_id bigint GENERATED BY DEFAULT AS IDENTITY PRIMARY KEY,
                             content       text           NOT NULL,
                             grade         double precision,
                             graded_at     timestamp(6),
                             submitted_at  timestamp(6)   NOT NULL,
                             assignment_id bigint         NOT NULL,
                             user_id       bigint         NOT NULL,
                             CONSTRAINT fk_submissions_assignment
                                 FOREIGN KEY (assignment_id) REFERENCES assignments(assignment_id),
                             CONSTRAINT fk_submissions_user
                                 FOREIGN KEY (user_id) REFERENCES "user"(user_id)
);

-- ==== TABELA: video_metadata ====
-- Zastosowanie typu złożonego video_file

DROP TABLE IF EXISTS video_metadata CASCADE;

CREATE TABLE video_metadata (
                                id   bigint GENERATED BY DEFAULT AS IDENTITY PRIMARY KEY,
                                file video_file  -- (file_name, file_path, file_size)
);

-- =========================================
--           DANE TESTOWE (INSERTS)
-- =========================================

-- ==== role ====
INSERT INTO role (role_id, role_name) VALUES 
(1, 'ROLE_ADMIN'),
(2, 'ROLE_USER');

-- ==== courses ====
INSERT INTO courses (course_id, created_at, description, title, updated_at, title_lvl) VALUES 
(1, '2024-10-20 12:36:44.834', 'Basic lessons, perfect for beginners.', '1. Basic Course', '2024-10-20 12:36:44.834', 'BEGINNER'),
(2, '2024-10-31 14:49:18.314', 'Intermediate lessons, challenge yourself.', '2. Intermediate Course', '2024-10-31 14:49:18.314', 'INTERMEDIATE'),
(3, '2024-11-19 12:37:41.672', 'Advanced lessons, only for experienced programmers.', '3. Advanced Course', '2024-11-19 12:37:41.672', 'ADVANCED');

-- ==== lessons ====
INSERT INTO lessons (lesson_id, content, created_at, title, updated_at, course_id, lesson_number, required_level) VALUES 
(1, 'Sum, reversion and much more', '2024-10-20 12:39:04.579', 'Lesson 1', '2024-10-20 12:39:04.579', 1, 1, 1),
(2, 'Arithmetic operators', '2024-11-19 12:34:28.307', 'Lesson 2', '2024-11-19 12:34:28.307', 1, 2, 2),
(3, 'Basic Conditional Statements', '2024-11-19 12:35:03.982', 'Lesson 3', '2024-11-19 12:35:03.982', 1, 3, 3),
(4, 'Arrays', '2024-11-19 13:03:41.994', 'Lesson 4', '2024-11-19 13:03:41.994', 2, 4, 4),
(5, 'Loops', '2024-11-19 13:03:51.662', 'Lesson 5', '2024-11-19 13:03:51.662', 2, 5, 5),
(6, 'Functions', '2024-11-19 13:04:03.526', 'Lesson 6', '2024-11-19 13:04:03.526', 2, 6, 6),
(7, 'Recursion', '2024-11-19 13:04:18.725', 'Lesson 7', '2024-11-19 13:04:18.725', 3, 7, 7),
(8, 'Sorting Algorithms', '2024-11-19 13:04:28.093', 'Lesson 8', '2024-11-19 13:04:28.093', 3, 8, 8),
(9, 'Data Structures', '2024-11-19 13:04:48.507', 'Lesson 9', '2024-11-19 13:04:48.507', 3, 9, 9);

-- ==== "user" (with composite types) ====
INSERT INTO "user" (user_id, name, contacts, age, created_at, updated_at, password, role_id, level_info, username) VALUES 
(1, ROW('Jan', 'Kowalski')::full_name, ROW('jan.kowalski@example.com', '123456789')::contact_info, 30, '2024-11-01 18:10:20.198', '2024-11-01 18:10:20.198', '$2a$10$2e86ywtYuHFNg9l3x7181uTntRx9Hiz/xXrRX8GhVXv5/0.YVOTzu', 2, ROW(0, 'ADVANCED')::user_level, 'jan.kowalski'),
(2, ROW('rad', 'Kowalski')::full_name, ROW('asdi@example.com', '123456789')::contact_info, 30, '2024-11-01 18:29:34.101', '2024-11-01 18:29:34.101', '$2a$10$lelmojRsemYC2sUgFAKBqOKrGfUaYBG6vKo11n4AJ2OzBenpZnxFW', 2, ROW(1, 'BEGINNER')::user_level, 'radek'),
(14, ROW('maciek', 'mackowski')::full_name, ROW('maciek@gmail.com', '123789654')::contact_info, 20, '2024-11-02 16:12:32.404', '2024-11-02 16:12:32.404', '$2a$10$uudBxOQvFbQvdEDWwtCLHeRQ5EHPho4URmVv3BshZGkkclVUdoIgO', 1, ROW(16, 'ADVANCED')::user_level, 'maciek'),
(15, ROW('marek', 'marekowski')::full_name, ROW('123@123.pl', '997998998')::contact_info, 12, '2024-11-02 19:57:38.230', '2024-11-02 19:57:38.230', '$2a$10$jpIdxAVIV/TVx4XeN.4hjOgetOgouJQvqGf7UknPFrx2cbXMjwtYm', 2, ROW(0, 'ADVANCED')::user_level, 'marek'),
(16, ROW('123123123123', '123312123123132')::full_name, ROW('123@123123213123123312', '123312132123123')::contact_info, 123, '2024-11-02 20:35:42.035', '2024-11-02 20:35:42.035', '$2a$10$bKevhxfcNv.N2KvooqanMO3Y4co70kNcL5UxUHZV/1IGlbRu7A4Cy', 2, ROW(1, 'BEGINNER')::user_level, '123'),
(17, ROW('123', '123')::full_name, ROW('123@gmail.com', '123')::contact_info, 123, '2024-11-11 14:56:46.295', '2024-11-11 14:56:46.295', '$2a$10$o25N5rourtptNxpYnEHXV.AkC.8TiS4KrL3AhPeuZrxjSEXzeHiZ6', 2, ROW(1, 'BEGINNER')::user_level, '123radek'),
(18, ROW('Marcin', 'Marcinkowski')::full_name, ROW('marcinek@gmail.com', '997998999')::contact_info, 12, '2024-11-11 15:01:25.372', '2024-11-11 15:01:25.372', '$2a$10$sUA1ujdEQELiO/SnXSByhOu06bvR/eNW48SL/G9J/JMN1wqJh9Jyy', 2, ROW(1, 'BEGINNER')::user_level, 'marcinek'),
(19, ROW('marcinek', 'marcinkowski')::full_name, ROW('marcinek2@gmail.com', '991223123')::contact_info, 12, '2024-11-11 15:02:34.002', '2024-11-11 15:02:34.002', '$2a$10$PxOwDITLrHhuRhaalGipzeeRzMqabuQcNzbizgKIJ9gQmux.WFEPO', 2, ROW(2, 'BEGINNER')::user_level, 'marcinek2'),
(20, ROW('radek', 'kowa')::full_name, ROW('radek1@interia.pl', '731890123')::contact_info, 18, '2024-11-19 11:48:35.514', '2024-11-19 11:48:35.514', '$2a$10$LV9AQOyAWeueXWtZOn4YYeoNdMBm1Z4olkTwOShTcudqk/KyHBwu6', 2, ROW(1, 'BEGINNER')::user_level, 'radek1'),
(21, ROW('adas', 'asdasdasd')::full_name, ROW('user@user.pl', '123456789')::contact_info, 12, '2024-11-19 13:53:53.545', '2024-11-19 13:53:53.545', '$2a$10$H5pxe7XtiolBoGFZfENhZOmmVds7T86cUmiTaqeORZLxcg/lqkFya', 2, ROW(1, 'BEGINNER')::user_level, 'radek2'),
(22, ROW('radek', 'kowalczuk')::full_name, ROW('test1costam@gmail.com', '123123123')::contact_info, 10, '2024-11-22 16:17:24.521', '2024-11-22 16:17:24.521', '$2a$10$0G7gGGshoL3XSvjPS.93geop9w9pcP1SnyXFvMWuC6N7QNlPJIyoS', 2, ROW(5, 'INTERMEDIATE')::user_level, 'test1'),
(23, ROW('asd', 'asd')::full_name, ROW('asd@asd', '123123231231')::contact_info, 122, '2024-11-22 17:04:35.933', '2024-11-22 17:04:35.933', '$2a$10$RTzAaeRhRm7AdMDtfbakeOBOXw7yCvsufzOXtCh1V6DGkLoojINIG', 2, ROW(1, 'BEGINNER')::user_level, '123123123123123123123123123123'),
(24, ROW('qwe', 'qwe')::full_name, ROW('qwe@wqwe', 'qweq')::contact_info, 12, '2024-11-22 17:04:53.075', '2024-11-22 17:04:53.075', '$2a$10$M2vcOfyyxye3NCDEeLYERu8vWJGVT.OwpyDZBR9GzorU3Bj84s2ym', 2, ROW(1, 'BEGINNER')::user_level, 'qwerty'),
(25, ROW('123312', '123123123')::full_name, ROW('123@123123123123.pl', '123213')::contact_info, 123, '2025-01-05 20:29:56.474', '2025-01-05 20:29:56.474', '$2a$10$F51E5EUnxY6hocCx/zSerekp4DwU/38ffMPxh4cjpJTXt3uIeH17a', 2, ROW(1, 'BEGINNER')::user_level, '123123123231312123312312123');

-- ==== daily_task ====
INSERT INTO daily_task (task_id, description, title) VALUES 
(1, 'Create a variable storing text and display its length.', 'Text Length'),
(2, 'Join two strings (concatenation) and display the result.', 'Concatenate Strings'),
(3, 'Find how many times a given phrase appears in a string.', 'Count Phrase'),
(4, 'Create a list of names and convert all names to uppercase.', 'Uppercase Names'),
(5, 'Define a dictionary storing exam scores for three students and calculate the average.', 'Average Score'),
(6, 'Add a new key-value pair to a dictionary and display all elements.', 'Add to Dictionary');

-- ==== quiz ====
INSERT INTO quiz (quiz_id, title) VALUES 
(2, 'Java Basics'),
(3, 'Python Basics'),
(4, 'OOP Concepts'),
(5, 'Linux Command Line'),
(6, 'SQL Essentials');

-- ==== question (with array for options) ====
INSERT INTO question (question_id, content, correct_answer, quiz_id, options) VALUES 
(1, 'What is JVM?', 'Java Virtual Machine', 2, ARRAY['Java Virtual Machine', 'Java Virtual Module', 'Java Version Model']),
(2, 'What is JDK?', 'Java Development Kit', 2, ARRAY['Java Development Kit', 'Java Deployment Key', 'Java Documentation Kit']),
(3, 'What is a list in Python?', 'A mutable sequence of elements', 3, ARRAY['A mutable sequence of elements', 'An immutable data type', 'A function in Python']),
(4, 'How do you start a comment in Python?', '#', 3, ARRAY['#', '//', '/*']),
(5, 'What is the output of len([1, 2, 3])?', '3', 3, ARRAY['3', '2', '4']),
(6, 'Which keyword is used to define a function in Python?', 'def', 3, ARRAY['def', 'func', 'lambda']),
(7, 'What data type is returned by the input() function?', 'string', 3, ARRAY['string', 'integer', 'boolean']),
(8, 'What does ''encapsulation'' refer to?', 'Wrapping data and methods into a single unit', 4, ARRAY['Wrapping data and methods into a single unit', 'Inheritance of properties', 'Overloading operators']),
(9, 'Which concept allows one class to inherit the properties of another?', 'Inheritance', 4, ARRAY['Inheritance', 'Polymorphism', 'Abstraction']),
(10, 'What is polymorphism?', 'Ability of different objects to be treated as instances of the same class', 4, ARRAY['Ability of different objects to be treated as instances of the same class', 'Code hiding', 'Data encapsulation']),
(11, 'Which keyword is used to create an object in C++?', 'new', 4, ARRAY['new', 'create', 'build']),
(12, 'What is the purpose of a constructor?', 'To initialize an object', 4, ARRAY['To initialize an object', 'To destroy an object', 'To copy an object']),
(13, 'Which command is used to list files in a directory?', 'ls', 5, ARRAY['ls', 'list', 'show']),
(14, 'How do you navigate to the parent directory?', 'cd ..', 5, ARRAY['cd ..', 'cd ~', 'cd /']),
(15, 'Which command is used to create a new directory?', 'mkdir', 5, ARRAY['mkdir', 'createdir', 'newdir']),
(16, 'How do you view the contents of a file?', 'cat', 5, ARRAY['cat', 'view', 'open']),
(17, 'Which command is used to remove a file?', 'rm', 5, ARRAY['rm', 'delete', 'erase']),
(18, 'Which SQL command is used to retrieve data?', 'SELECT', 6, ARRAY['SELECT', 'INSERT', 'UPDATE']),
(19, 'Which keyword is used to sort the result set in ascending order?', 'ORDER BY', 6, ARRAY['ORDER BY', 'GROUP BY', 'ASC']),
(20, 'Which SQL statement is used to delete data from a table?', 'DELETE', 6, ARRAY['DELETE', 'REMOVE', 'DROP']),
(21, 'Which function is used to count the number of rows in a SQL query?', 'COUNT()', 6, ARRAY['COUNT()', 'SUM()', 'TOTAL()']),
(22, 'Which clause is used to filter records in a SQL query?', 'WHERE', 6, ARRAY['WHERE', 'HAVING', 'FILTER']);

-- ==== video_metadata (with composite type) ====
INSERT INTO video_metadata (id, file) VALUES 
(1, ROW('123.mp4', '/app/src/videos/123.mp4', 17684012)::video_file);

-- ==== assignments ====
INSERT INTO assignments (assignment_id, created_at, description, title, updated_at, lesson_id, title_lvl) VALUES 
(1, '2024-10-20 12:47:16.148', 'Write a function that declares and initializes an integer variable. The function should take no inputs and return the initialized integer value. The integer can be any arbitrary value you choose. Ensure that you follow proper syntax for declaring and initializing variables in your chosen programming language.

Examples:

- If the value chosen is 42, the function should return 42.
- If the value chosen is -7, the function should return -7.

This task tests your understanding of variable declaration, initialization, and returning values from a function.', '1. Define an Integer Variable', '2024-11-19 12:24:15.778', 1, 'BEGINNER'),
(2, '2024-11-02 17:57:05.441', 'Write a function that takes two integer inputs and returns their sum. Ensure that you handle proper addition and return the correct result. The integers can be any arbitrary values provided as inputs.

Examples:

- If the inputs are 3 and 5, the function should return 8.
- If the inputs are -2 and 7, the function should return 5.
- If the inputs are 0 and 0, the function should return 0.

This task tests your understanding of basic arithmetic operations and how to handle function inputs and outputs.', '2. Add Two Integer Numberse', '2024-11-19 12:24:09.753', 1, 'BEGINNER'),
(3, '2024-11-19 12:28:25.500', 'Write a function that declares a variable, assigns it a value, and then displays (prints) its value. Ensure that the variable is properly declared, initialized, and printed in your chosen programming language.

Examples:

- If the variable is assigned the value 42, the function should print: 42.
- If the variable is assigned the value -7, the function should print: -7.
- If the variable is assigned the value 0, the function should print: 0.

This task tests your understanding of variable declaration, initialization, and basic output operations.', '3. Display the Value of a Variable', '2024-11-19 12:28:25.500', 1, 'BEGINNER'),
(4, '2024-11-19 12:53:48.390', 'Write a function that takes two numbers as inputs and uses the addition operator (`+`) to calculate their sum. The function should return the result of the addition. The numbers can be integers or floating-point values.

Examples:

- If the inputs are 3 and 5, the function should return 8.
- If the inputs are 2.5 and 4.3, the function should return 6.8.
- If the inputs are -7 and 2, the function should return -5.

This task tests your understanding of using the addition operator to combine numerical values.', '4. Use the Addition Operator with Two Numbers', '2024-11-19 12:53:48.390', 2, 'BEGINNER'),
(5, '2024-11-19 12:54:10.724', 'Write a function that takes two numbers as inputs and uses the multiplication operator (`*`) to calculate their product. The function should return the result of the multiplication. The numbers can be integers or floating-point values.

Examples:

- If the inputs are 4 and 5, the function should return 20.
- If the inputs are 2.5 and 3, the function should return 7.5.
- If the inputs are -3 and -2, the function should return 6.

This task tests your understanding of using the multiplication operator to calculate products.', '5. Use the Multiplication Operator', '2024-11-19 12:54:10.724', 2, 'BEGINNER'),
(6, '2024-11-19 12:54:29.663', 'Write a function that takes two numbers as inputs, performs division using the division operator (`/`), and rounds the result to the nearest integer. The function should handle any valid division scenario (excluding division by zero) and return the rounded result.

Examples:

- If the inputs are 10 and 3, the function should return 3 (10 / 3 = 3.333, rounded to 3).
- If the inputs are 7 and 2, the function should return 4 (7 / 2 = 3.5, rounded to 4).
- If the inputs are -8 and 3, the function should return -3 (-8 / 3 = -2.666, rounded to -3).

This task tests your understanding of division, handling numerical operations, and rounding results.', '6. Perform Division and Round the Result', '2024-11-19 12:54:29.663', 2, 'BEGINNER'),
(7, '2024-11-19 12:59:27.731', 'Write a function that takes an integer as input and uses an `if` statement to check whether the number is even. If the number is even, the function should return `true` or a specific message indicating that the number is even. Ensure the logic for checking even numbers is correct (e.g., using the modulus operator `%`).

Examples:

- If the input is 4, the function should return `true` or ''4 is even''.
- If the input is 7, the function should not return anything or may return `false`.
- If the input is 0, the function should return `true` or ''0 is even''.

This task tests your understanding of conditional statements and the concept of even numbers.', '7. Write an If Statement to Check if a Number is Even', '2024-11-19 12:59:27.731', 3, 'BEGINNER'),
(8, '2024-11-19 13:00:01.952', 'Write a function that takes an integer as input and uses an `if` statement to check whether the number is positive. If the number is positive, return a message indicating it is positive. Otherwise, use an `else` statement to return a message indicating the number is not positive. Ensure the function covers both cases.

Examples:

- If the input is 5, the function should return ''5 is positive''.
- If the input is -3, the function should return ''-3 is not positive''.
- If the input is 0, the function should return ''0 is not positive''.

This task tests your understanding of conditional statements, including the use of `else` to handle alternative cases.', '8. Use an Else Statement', '2024-11-19 13:00:01.952', 3, 'BEGINNER'),
(9, '2024-11-19 13:00:19.924', 'Write a function that takes two numbers as inputs and uses an `if-else` statement to compare them. If the first number is greater than the second, return a message indicating this. Otherwise, return a message indicating that the first number is not greater than the second.

Examples:

- If the inputs are 10 and 5, the function should return ''10 is greater than 5''.
- If the inputs are 3 and 7, the function should return ''3 is not greater than 7''.
- If the inputs are 4 and 4, the function should return ''4 is not greater than 4''.

This task tests your understanding of comparison operators and conditional statements.', '9. Write an If-Else Statement to Compare Two Numbers', '2024-11-19 13:00:19.924', 3, 'BEGINNER'),
(10, '2024-11-19 13:07:52.059', 'Write a function that defines and initializes an array (or list) of integers. The array should be filled with specific values provided in the example below. Ensure that the array contains exactly the ten predefined integers given.

Examples:

- The array should be [10, 20, 30, 40, 50, 60, 70, 80, 90, 100]. The function should return [10, 20, 30, 40, 50, 60, 70, 80, 90, 100].
- Alternatively, the array can be [5, 15, 25, 35, 45, 55, 65, 75, 85, 95]. The function should return [5, 15, 25, 35, 45, 55, 65, 75, 85, 95].

This task tests your understanding of arrays (or lists), their initialization, and the ability to use specific predefined values.', '10. Define an Array of Specific Integers', '2024-11-22 16:27:35.068', 4, 'INTERMEDIATE'),
(11, '2024-11-19 13:08:08.958', 'Write a function that calculates the sum of all elements in a given array (or list) of integers. Assign the result to a variable called `sum`. Make sure the function takes the array as input and returns the calculated sum.

Examples:

- If the array is [1, 2, 3, 4, 5], the function should return 15 because 1 + 2 + 3 + 4 + 5 = 15.
- If the array is [10, 20, 30, 40, 50], the function should return 150 because 10 + 20 + 30 + 40 + 50 = 150.

This task tests your ability to iterate through an array, accumulate values, and assign the final result to a variable.', '11. Calculate the Sum of All Elements in an Array', '2024-11-22 16:26:40.527', 4, 'INTERMEDIATE'),
(12, '2024-11-19 13:08:24.756', 'Write a function that takes an array (or list) of integers as input and returns the largest element in the array. Ensure that the function iterates through the array to find the maximum value.

Examples:

- If the input is [1, 2, 3, 4, 5], the function should return 5.
- If the input is [-10, -3, -7, -2], the function should return -2.
- If the input is [0, 0, 0], the function should return 0.

This task tests your understanding of iteration, comparison, and finding the maximum value in an array.', '12. Find the Largest Element in an Array', '2024-11-19 13:08:24.756', 4, 'INTERMEDIATE'),
(13, '2024-11-19 13:08:55.523', 'Write a for loop that calculates the sum of all even numbers between 1 and 20 (inclusive). Assign the result to a variable called `sum`. Ensure that only even numbers are included in the calculation.

Examples:

- The sum should be 110, because 2 + 4 + 6 + 8 + 10 + 12 + 14 + 16 + 18 + 20 = 110.

This task tests your understanding of using a loop to iterate through a range of numbers, identifying even numbers, and accumulating their values into a single sum.', '13. Use a For Loop to Calculate the Sum of Even Numbers', '2024-11-22 16:37:27.351', 5, 'INTERMEDIATE'),
(14, '2024-11-19 13:09:10.789', 'Write a function that uses a `while` loop to sum the numbers from 1 to a given integer `n`. The function should take `n` as input and return the sum of all numbers from 1 to `n`.

Examples:

- If the input is 5, the function should return 15 (1 + 2 + 3 + 4 + 5).
- If the input is 10, the function should return 55.

This task tests your understanding of `while` loops, conditional logic, and basic arithmetic.', '14. Write a While Loop to Sum Numbers', '2024-11-19 13:09:10.789', 5, 'INTERMEDIATE'),
(15, '2024-11-19 13:09:25.225', 'Write a while loop that generates random numbers between 1 and 50 until a number divisible by 7 is found. Use an appropriate random number generating function. Once a number divisible by 7 is found, use the `break` statement to exit the loop.

Examples:

- The loop should keep generating numbers like 34, 5, 13, 28 until it finds a number like 14 (which is divisible by 7). At this point, the loop should stop.

This task tests your understanding of while loops, generating random numbers, conditional checks for divisibility, and the use of the `break` statement to exit the loop when a condition is met.', '15. Use a While Loop to Find a Number Divisible by 7', '2024-11-22 16:37:48.125', 5, 'INTERMEDIATE'),
(16, '2024-11-19 13:09:54.371', 'Write a function that takes two numbers as inputs and returns their sum. Ensure the function correctly calculates and returns the result.

Examples:

- If the inputs are 3 and 5, the function should return 8.
- If the inputs are -2 and 10, the function should return 8.

This task tests your understanding of function creation, input handling, and returning results.', '16. Write a Function to Return the Sum of Two Numbers', '2024-11-19 13:09:54.371', 6, 'INTERMEDIATE'),
(17, '2024-11-19 13:10:17.887', 'Write a function that takes a list of numbers as input and returns the largest number in the list. Ensure that the function iterates through the list to find the maximum value.

Examples:

- If the input is [1, 2, 3, 4, 5], the function should return 5.
- If the input is [-10, -3, -7, -2], the function should return -2.
- If the input is [0, 0, 0], the function should return 0.

This task tests your understanding of iteration, comparison, and finding the maximum value in a list.', '17. Create a Function to Return the Largest Number in a List', '2024-11-19 13:10:17.887', 6, 'INTERMEDIATE'),
(18, '2024-11-19 13:10:33.003', 'Write a function that takes a non-negative integer `n` as input and calculates its factorial using recursion. The factorial of a number is defined as `n! = n * (n-1) * ... * 1`, with the base case `0! = 1`.

Examples:

- If the input is 5, the function should return 120 (5! = 5 * 4 * 3 * 2 * 1).
- If the input is 0, the function should return 1 (0! = 1).
- If the input is 3, the function should return 6 (3! = 3 * 2 * 1).

This task tests your understanding of recursion, base cases, and mathematical calculations.', '18. Create a Function to Return the Largest Number in a List', '2024-11-19 13:10:33.003', 6, 'INTERMEDIATE'),
(19, '2024-11-19 13:11:47.618', 'Write a function that takes a positive integer `n` as input and calculates the sum of all numbers from 1 to `n` using recursion. The base case should handle when `n` is 0, returning 0, and the recursive case should sum `n` with the result of the function called on `n-1`.

Examples:

- If the input is 5, the function should return 15 (1 + 2 + 3 + 4 + 5).
- If the input is 10, the function should return 55 (1 + 2 + ... + 10).
- If the input is 1, the function should return 1.

This task tests your understanding of recursion, base cases, and arithmetic progression.', '19. Write a Recursive Function to Calculate the Sum of Numbers from 1 to n', '2024-11-19 13:11:47.618', 7, 'ADVANCED'),
(20, '2024-11-19 13:12:02.985', 'Write a function that takes a non-negative integer `n` as input and returns the nth Fibonacci number using recursion. The Fibonacci sequence is defined as:
  - F(0) = 0
  - F(1) = 1
  - F(n) = F(n-1) + F(n-2) for n > 1

Examples:

- If the input is 0, the function should return 0.
- If the input is 1, the function should return 1.
- If the input is 5, the function should return 5 (Fibonacci sequence: 0, 1, 1, 2, 3, 5).
- If the input is 7, the function should return 13.

This task tests your understanding of recursion, mathematical sequences, and efficient computation.', '20. Create a Function to Find the nth Fibonacci Number', '2024-11-19 13:12:02.985', 7, 'ADVANCED'),
(21, '2024-11-19 13:12:14.568', 'Write a function that solves the Tower of Hanoi problem for `n` disks. The function should take three inputs: the source rod, the destination rod, and the auxiliary rod. The goal is to move all disks from the source rod to the destination rod following these rules:

1. Only one disk can be moved at a time.
2. A disk can only be placed on top of a larger disk or on an empty rod.

The function should print each move in the format: ''Move disk from [source] to [destination]''. Use recursion to break the problem into smaller subproblems.

Examples:

- For `n = 2`, the output should be:
  Move disk from A to B
  Move disk from A to C
  Move disk from B to C

- For `n = 3`, the output should be:
  Move disk from A to C
  Move disk from A to B
  Move disk from C to B
  Move disk from A to C
  Move disk from B to A
  Move disk from B to C
  Move disk from A to C

This task tests your understanding of recursion, breaking down complex problems, and solving algorithmic challenges.', '21. Solve the Tower of Hanoi Problem Using Recursion', '2024-11-19 13:12:14.568', 7, 'ADVANCED'),
(22, '2024-11-19 13:13:01.662', 'Write a function that implements the Bubble Sort algorithm to sort a list of numbers in ascending order. The function should repeatedly compare adjacent elements in the list and swap them if they are in the wrong order. This process should continue until the list is fully sorted.

Examples:

- If the input is [5, 3, 8, 6, 2], the function should return [2, 3, 5, 6, 8].
- If the input is [1, 4, 3, 2], the function should return [1, 2, 3, 4].
- If the input is [10, 20, 5, 15], the function should return [5, 10, 15, 20].

This task tests your understanding of sorting algorithms and iterative problem-solving.', '22. Implement Bubble Sort', '2024-11-19 13:13:01.662', 8, 'ADVANCED'),
(23, '2024-11-19 13:13:13.061', 'Write a function that implements the Quick Sort algorithm to sort a list of numbers in ascending order. The function should use the divide-and-conquer strategy by selecting a pivot, partitioning the list into elements less than and greater than the pivot, and recursively sorting the partitions.

Examples:

- If the input is [5, 3, 8, 6, 2], the function should return [2, 3, 5, 6, 8].
- If the input is [1, 4, 3, 2], the function should return [1, 2, 3, 4].
- If the input is [10, 20, 5, 15], the function should return [5, 10, 15, 20].

This task tests your understanding of recursive algorithms and efficient sorting techniques.', '23. Implement Quick Sort', '2024-11-19 13:13:13.061', 8, 'ADVANCED'),
(24, '2024-11-19 13:13:38.544', 'Write a function to implement Selection Sort for an array of integers. This algorithm sorts an array by repeatedly finding the smallest element from the unsorted portion of the array and placing it in the correct position.

Examples:

- For an array [64, 25, 12, 22, 11], after sorting, the array should be [11, 12, 22, 25, 64].
- In the first pass, the algorithm selects the smallest value (11) and swaps it with the first element (64), resulting in [11, 25, 12, 22, 64].
- The sorting continues until all elements are sorted.

This task tests your ability to implement a classic sorting algorithm, use nested loops, and correctly swap values in an array.', '24. Selection Sort for an Array of Integers', '2024-11-22 16:52:47.249', 8, 'ADVANCED'),
(25, '2024-11-19 13:14:29.165', 'Write a class that implements a stack data structure. The class should support the following operations:

1. `push(value)` - Adds a value to the top of the stack.
2. `pop()` - Removes and returns the value at the top of the stack. If the stack is empty, it should handle the error appropriately.
3. `peek()` - Returns the value at the top of the stack without removing it.
4. `is_empty()` - Returns `true` if the stack is empty, otherwise `false`.

Examples:

- If the operations are `push(5)`, `push(10)`, `pop()`, the result of `pop()` should be `10`, and the stack will contain [5].
- If the stack is empty and `pop()` is called, it should handle the situation gracefully.

This task tests your understanding of classes, object-oriented programming, and stack operations.', '25. Create a Class Representing a Stack', '2024-11-19 13:14:29.165', 9, 'ADVANCED'),
(26, '2024-11-19 13:14:42.699', 'Write a class that implements a queue data structure. The class should support the following operations:

1. `add(value)` - Adds a value to the end of the queue.
2. `remove()` - Removes and returns the value at the front of the queue. If the queue is empty, it should handle the error appropriately.
3. `peek()` - Returns the value at the front of the queue without removing it.
4. `is_empty()` - Returns `true` if the queue is empty, otherwise `false`.

Examples:

- If the operations are `add(5)`, `add(10)`, `remove()`, the result of `remove()` should be `5`, and the queue will contain [10].
- If the queue is empty and `remove()` is called, it should handle the situation gracefully.

This task tests your understanding of classes, object-oriented programming, and queue operations.', '26. Implement a Queue with Enqueue and Dequeue Operations', '2024-11-22 15:17:03.013', 9, 'ADVANCED'),
(27, '2024-11-19 13:14:57.725', 'Write a class that represents a binary tree. The class should include methods for common operations:

1. `insert(value)` - Inserts a value into the binary tree following binary search tree rules.
2. `find(value)` - Searches for a value in the tree and returns `true` if found, otherwise `false`.
3. `in_order_traversal()` - Returns a list of values in the tree in in-order sequence.
4. `pre_order_traversal()` - Returns a list of values in pre-order sequence.
5. `post_order_traversal()` - Returns a list of values in post-order sequence.

Examples:

- If the tree contains [5, 3, 7] and `in_order_traversal()` is called, it should return [3, 5, 7].
- If the value `5` is inserted into the tree and then `find(5)` is called, it should return `true`.
- If the tree is empty and `find(1)` is called, it should return `false`.

This task tests your understanding of binary trees, traversal methods, and object-oriented design.', '27. Write a Class for Working with a Binary Tree', '2024-11-19 13:14:57.725', 9, 'ADVANCED');

-- ==== daily_task_assignment ====
INSERT INTO daily_task_assignment (id, assignment_date, daily_task_task_id, user_user_id) VALUES 
(1, '2024-11-19', 4, 2),
(7, '2024-11-19', 1, 19),
(8, '2024-11-22', 4, 2),
(9, '2024-11-22', 5, 22),
(10, '2024-11-22', 5, 14),
(11, '2024-11-22', 2, 15),
(12, '2024-11-22', 5, 23),
(13, '2024-11-22', 2, 24),
(14, '2024-11-26', 1, 14),
(15, '2024-11-27', 4, 14),
(16, '2024-12-03', 4, 2),
(17, '2025-01-05', 1, 2),
(18, '2025-01-05', 6, 14),
(19, '2025-01-06', 1, 2),
(20, '2025-01-11', 2, 14);

-- ==== daily_task_result ====
INSERT INTO daily_task_result (daily_task_result_id, completed_at, points, task_id, user_id) VALUES 
(32, '2024-11-22 20:16:47.054679', 60, 5, 14);

-- ==== progress ====
INSERT INTO progress (progress_id, completed_at, course_id, lesson_id, user_id) VALUES 
(6, '2024-11-02 22:00:23.168', 2, 1, 2),
(7, '2024-11-11 14:59:32.817', 2, 1, 17),
(8, '2024-11-11 15:02:05.021', 2, 1, 18),
(9, '2024-11-11 15:03:07.016', 2, 1, 19),
(10, '2024-11-22 15:32:24.377', 1, 1, 14),
(11, '2024-11-22 15:36:52.154', 1, 3, 14),
(12, '2024-11-22 15:52:10.305', 2, 6, 14),
(13, '2024-11-22 15:53:37.282', 3, 7, 14),
(14, '2024-11-22 15:58:28.168', 3, 9, 14),
(15, '2024-11-22 16:18:07.150', 1, 1, 22),
(16, '2024-11-22 16:18:38.406', 1, 2, 22),
(17, '2024-11-22 16:19:09.464', 1, 3, 22),
(18, '2024-11-22 16:34:20.616', 2, 4, 22),
(19, '2024-11-22 16:54:12.168', 3, 8, 14),
(20, '2024-11-22 17:58:11.195', 1, 2, 14);

-- ==== quiz_result ====
INSERT INTO quiz_result (quiz_result_id, completed_at, points, quiz_id, user_id) VALUES 
(6, '2024-11-11 22:52:01.372196', 20, 2, 2),
(7, '2024-11-13 09:24:36.820688', 20, 2, 19),
(8, '2024-11-14 19:42:34.085236', 30, 4, 2),
(9, '2024-11-15 19:51:58.087998', 50, 3, 2),
(10, '2024-11-19 10:06:45.442770', 40, 5, 2),
(11, '2024-11-19 10:57:22.534953', 30, 5, 19),
(12, '2024-11-19 13:37:25.420573', 30, 4, 14),
(13, '2024-11-19 13:53:34.886213', 30, 2, 20),
(14, '2024-11-19 13:54:00.600267', 30, 2, 21),
(15, '2024-11-22 10:41:47.773035', 40, 6, 2),
(16, '2024-11-22 22:31:47.434804', 30, 2, 14),
(17, '2024-11-26 19:08:33.865018', 30, 6, 14),
(20, '2025-01-05 20:44:06.374940', 20, 3, 14),
(21, '2025-01-11 15:17:15.451084', 15, 5, 14);

-- ==== solutions ====
INSERT INTO solutions (solution_id, content, created_at, assignment_id, language) VALUES 
(3, 'public class Result {
    public static int defineInteger(int value) {
        return value;
    }
}', '2024-11-22 21:46:33.276', 1, 'java'),
(4, 'public class Result {
    public static int addTwoIntegers(int a, int b) {
        return a + b;
    }
}', '2024-11-22 21:47:23.592', 2, 'java'),
(5, 'public class Result {
    public static String displayValue(int value) {
        return String.valueOf(value);
    }
}', '2024-11-22 21:47:43.856', 3, 'java'),
(6, 'public class Result {
    public static double addTwoNumbers(double a, double b) {
        return a + b;
    }
}', '2024-11-22 21:48:10.555', 4, 'java'),
(7, 'public class Result {
    public static double multiplyTwoNumbers(double a, double b) {
        return a * b;
    }
}', '2024-11-22 21:49:32.601', 5, 'java'),
(8, 'public class Result {
    public static int divideAndRound(double a, double b) {
        return (int) Math.round(a / b);
    }
}', '2024-11-22 21:49:39.477', 6, 'java'),
(9, 'public class Result {
    public static String checkIfEven(int number) {
        if (number % 2 == 0) {
            return number + " is even";
        } else {
            return number + " is not even";
        }
    }
}', '2024-11-22 21:49:45.375', 7, 'java'),
(10, 'public class Result {
    public static String checkIfPositive(int number) {
        if (number > 0) {
            return number + " is positive";
        } else {
            return number + " is not positive";
        }
    }
}', '2024-11-22 21:49:53.777', 8, 'java'),
(11, 'public class Result {
    public static String compareTwoNumbers(int a, int b) {
        if (a > b) {
            return a + " is greater than " + b;
        } else {
            return a + " is not greater than " + b;
        }
    }
}', '2024-11-22 21:50:01.178', 9, 'java'),
(12, 'import java.util.List;
import java.util.Arrays;

public class Result {
    public static List<Integer> defineArray() {
        return Arrays.asList(10, 20, 30, 40, 50, 60, 70, 80, 90, 100);
    }
}', '2024-11-22 21:50:08.827', 10, 'java'),
(13, 'import java.util.List;

public class Result {
    public static int calculateSum(List<Integer> numbers) {
        int sum = 0;
        for (int number : numbers) {
            sum += number;
        }
        return sum;
    }
}', '2024-11-22 21:51:18.183', 11, 'java'),
(14, 'public class Result {
    public static Integer findLargestElement(Integer[] array) {
        if (array == null || array.length == 0) {
            throw new IllegalArgumentException("Array cannot be null or empty");
        }
        int max = array[0];
        for (int i = 1; i < array.length; i++) {
            if (array[i] > max) {
                max = array[i];
            }
        }
        return max;
    }
}', '2024-11-22 21:52:34.950', 12, 'java'),
(15, 'public class Result {
    public static int calculateSumOfEvens() {
        int sum = 0;
        for (int i = 1; i <= 20; i++) {
            if (i % 2 == 0) {
                sum += i;
            }
        }
        return sum;
    }
}', '2024-11-22 21:52:46.846', 13, 'java'),
(16, 'public class Result {
    public static int sumNumbersUpToN(int n) {
        int sum = 0;
        int i = 1;
        while (i <= n) {
            sum += i;
            i++;
        }
        return sum;
    }
}', '2024-11-22 21:53:51.322', 14, 'java'),
(17, 'public class Result {
    public static int findNumberDivisibleBy7(int[] numbers) {
        int index = 0;
        int number;
        while (index < numbers.length) {
            number = numbers[index];
            if (number % 7 == 0) {
                return number;
            }
            index++;
        }
        return -1;
    }
}', '2024-11-22 21:54:11.541', 15, 'java'),
(18, 'public class Result {
    public static int sumTwoNumbers(int a, int b) {
        return a + b;
    }
}', '2024-11-22 21:54:19.428', 16, 'java'),
(19, 'public class Result {
    public static int factorial(int n) {
        if (n < 0) {
            throw new IllegalArgumentException("Input must be a non-negative integer");
        }
        if (n == 0) {
            return 1;
        }
        return n * factorial(n - 1);
    }
}', '2024-11-22 21:54:25.129', 17, 'java'),
(20, 'public class Result {
    public static int factorial(int n) {
        if (n < 0) {
            throw new IllegalArgumentException("Input must be a non-negative integer");
        }
        if (n == 0) {
            return 1;
        }
        return n * factorial(n - 1);
    }
}', '2024-11-22 21:54:50.744', 18, 'java'),
(21, 'public class Result {
    public static int sumToN(int n) {
        if (n < 0) {
            throw new IllegalArgumentException("Input must be a non-negative integer");
        }
        if (n == 0) {
            return 0;
        }
        return n + sumToN(n - 1);
    }
}', '2024-11-22 21:54:56.849', 19, 'java'),
(22, 'public class Result {
    public static int fibonacci(int n) {
        if (n < 0) {
            throw new IllegalArgumentException("Input must be a non-negative integer");
        }
        if (n == 0) {
            return 0;
        }
        if (n == 1) {
            return 1;
        }
        return fibonacci(n - 1) + fibonacci(n - 2);
    }
}', '2024-11-22 21:55:09.720', 20, 'java'),
(23, 'import java.io.*;
import java.util.function.Consumer;

public class Result {
    public static void towerOfHanoi(int n, char source, char destination, char auxiliary, Consumer<String> logger) {
        if (n == 0) {
            return;
        }
        towerOfHanoi(n - 1, source, auxiliary, destination, logger);
        logger.accept("Move disk from " + source + " to " + destination);
        towerOfHanoi(n - 1, auxiliary, destination, source, logger);
    }
}', '2024-11-22 21:56:55.710', 21, 'java'),
(24, 'import java.io.*;
import java.util.*;
import java.util.function.Function;

public class Result {
    public static List<Integer> bubbleSort(List<Integer> numbers) {
        if (numbers == null || numbers.isEmpty()) {
            return numbers;
        }
        List<Integer> sortedNumbers = new ArrayList<>(numbers);
        int n = sortedNumbers.size();
        boolean swapped;
        do {
            swapped = false;
            for (int i = 0; i < n - 1; i++) {
                if (sortedNumbers.get(i) > sortedNumbers.get(i + 1)) {
                    int temp = sortedNumbers.get(i);
                    sortedNumbers.set(i, sortedNumbers.get(i + 1));
                    sortedNumbers.set(i + 1, temp);
                    swapped = true;
                }
            }
            n--;
        } while (swapped);
        return sortedNumbers;
    }
}', '2024-11-22 21:57:05.148', 22, 'java'),
(25, 'import java.io.*;
import java.util.*;
import java.util.function.Function;
import java.util.function.Consumer;

public class Result {
    public static List<Integer> quickSort(List<Integer> numbers) {
        if (numbers == null || numbers.size() <= 1) {
            return numbers;
        }
        List<Integer> sortedNumbers = new ArrayList<>(numbers);
        quickSortHelper(sortedNumbers, 0, sortedNumbers.size() - 1);
        return sortedNumbers;
    }

    private static void quickSortHelper(List<Integer> list, int low, int high) {
        if (low < high) {
            int pivotIndex = partition(list, low, high);
            quickSortHelper(list, low, pivotIndex - 1);
            quickSortHelper(list, pivotIndex + 1, high);
        }
    }

    private static int partition(List<Integer> list, int low, int high) {
        int pivot = list.get(high);
        int i = low - 1;
        for (int j = low; j < high; j++) {
            if (list.get(j) < pivot) {
                i++;
                Collections.swap(list, i, j);
            }
        }
        Collections.swap(list, i + 1, high);
        return i + 1;
    }
}', '2024-11-22 21:57:11.657', 23, 'java'),
(26, 'import java.util.List;
import java.util.Arrays;

public class Result {
    public static List<Integer> selectionSort(List<Integer> numbers) {
        Integer[] array = numbers.toArray(new Integer[0]);
        int n = array.length;
        for (int i = 0; i < n - 1; i++) {
            int minIndex = i;
            for (int j = i + 1; j < n; j++) {
                if (array[j] < array[minIndex]) {
                    minIndex = j;
                }
            }
            int temp = array[minIndex];
            array[minIndex] = array[i];
            array[i] = temp;
        }
        return Arrays.asList(array);
    }
}', '2024-11-22 21:57:19.110', 24, 'java'),
(27, 'import java.io.*;
import java.util.*;

class Stack {
    private List<Integer> stack;

    public Stack() {
        stack = new ArrayList<>();
    }

    public void push(int value) {
        stack.add(value);
    }

    public int pop() {
        if (isEmpty()) {
            throw new EmptyStackException();
        }
        return stack.remove(stack.size() - 1);
    }

    public int peek() {
        if (isEmpty()) {
            throw new EmptyStackException();
        }
        return stack.get(stack.size() - 1);
    }

    public boolean isEmpty() {
        return stack.isEmpty();
    }
}', '2024-11-22 21:57:25.968', 25, 'java'),
(28, 'import java.io.*;
import java.util.*;

class Queue {
    private LinkedList<Integer> queue;

    public Queue() {
        queue = new LinkedList<>();
    }

    public void add(int value) {
        queue.addLast(value);
    }

    public int remove() {
        if (isEmpty()) {
            throw new NoSuchElementException("Queue is empty");
        }
        return queue.removeFirst();
    }

    public int peek() {
        if (isEmpty()) {
            throw new NoSuchElementException("Queue is empty");
        }
        return queue.getFirst();
    }

    public boolean isEmpty() {
        return queue.isEmpty();
    }
}', '2024-11-22 21:57:31.351', 26, 'java'),
(29, 'import java.util.*;

class BinaryTree {
    static class Node {
        int value;
        Node left, right;

        Node(int value) {
            this.value = value;
            left = right = null;
        }
    }

    private Node root;

    public BinaryTree() {
        root = null;
    }

    public void insert(int value) {
        root = insertRec(root, value);
    }

    private Node insertRec(Node root, int value) {
        if (root == null) {
            root = new Node(value);
            return root;
        }
        if (value < root.value) {
            root.left = insertRec(root.left, value);
        } else if (value > root.value) {
            root.right = insertRec(root.right, value);
        }
        return root;
    }

    public boolean find(int value) {
        return findRec(root, value);
    }

    private boolean findRec(Node root, int value) {
        if (root == null) {
            return false;
        }
        if (root.value == value) {
            return true;
        }
        if (value < root.value) {
            return findRec(root.left, value);
        }
        return findRec(root.right, value);
    }

    public List<Integer> inOrderTraversal() {
        List<Integer> result = new ArrayList<>();
        inOrderRec(root, result);
        return result;
    }

    private void inOrderRec(Node root, List<Integer> result) {
        if (root != null) {
            inOrderRec(root.left, result);
            result.add(root.value);
            inOrderRec(root.right, result);
        }
    }

    public List<Integer> preOrderTraversal() {
        List<Integer> result = new ArrayList<>();
        preOrderRec(root, result);
        return result;
    }

    private void preOrderRec(Node root, List<Integer> result) {
        if (root != null) {
            result.add(root.value);
            preOrderRec(root.left, result);
            preOrderRec(root.right, result);
        }
    }

    public List<Integer> postOrderTraversal() {
        List<Integer> result = new ArrayList<>();
        postOrderRec(root, result);
        return result;
    }

    private void postOrderRec(Node root, List<Integer> result) {
        if (root != null) {
            postOrderRec(root.left, result);
            postOrderRec(root.right, result);
            result.add(root.value);
        }
    }
}', '2024-11-22 21:57:39.293', 27, 'java'),
(30, 'def result(input_value):
    return input_value
', '2024-11-22 21:58:56.228', 1, 'python'),
(31, 'def result(a, b):
    return a + b
', '2024-11-22 22:01:39.174', 2, 'python'),
(32, 'def result(value):
    return str(value)
', '2024-11-22 22:01:52.954', 3, 'python'),
(33, 'def result(a, b):
    return a + b
', '2024-11-22 22:02:43.127', 4, 'python'),
(34, 'def result(a, b):
    return a * b
', '2024-11-22 22:02:52.910', 5, 'python'),
(35, 'def result(a, b):
    return round(a / b)
', '2024-11-22 22:03:05.150', 6, 'python'),
(36, 'def result(n):
    if n % 2 == 0:
        return f"{n} is even"
    else:
        return f"{n} is not even"
', '2024-11-22 22:04:26.174', 7, 'python'),
(37, 'def result(n):
    if n > 0:
        return f"{n} is positive"
    else:
        return f"{n} is not positive"
', '2024-11-22 22:04:35.404', 8, 'python'),
(38, 'def result(a, b):
    if a > b:
        return f"{a} is greater than {b}"
    else:
        return f"{a} is not greater than {b}"
', '2024-11-22 22:04:50.358', 9, 'python'),
(39, 'def result():
    return [10, 20, 30, 40, 50, 60, 70, 80, 90, 100]
', '2024-11-22 22:04:56.346', 10, 'python'),
(40, 'def result(numbers):
    return sum(numbers)
', '2024-11-22 22:06:59.082', 11, 'python'),
(41, 'def result(numbers):
    return max(numbers)
', '2024-11-22 22:07:08.059', 12, 'python'),
(42, 'def result():
    return sum([i for i in range(1, 21) if i % 2 == 0])
', '2024-11-22 22:07:18.609', 13, 'python'),
(43, 'def result(n):
    return sum(range(1, n + 1)) if n > 0 else 0
', '2024-11-22 22:07:25.782', 14, 'python'),
(44, 'def result(numbers):
    for number in numbers:
        if number % 7 == 0:
            return number
    return None
', '2024-11-22 22:07:34.158', 15, 'python'),
(45, 'def result(a, b):
    return a + b
', '2024-11-22 22:07:43.677', 16, 'python'),
(46, 'def result(numbers):
    return max(numbers)
', '2024-11-22 22:07:57.454', 17, 'python'),
(47, 'def result(n):
    if n == 0:
        return 1
    factorial = 1
    for i in range(1, n + 1):
        factorial *= i
    return factorial
', '2024-11-22 22:08:03.605', 18, 'python'),
(48, 'def result(n):
    return sum(range(1, n + 1))
', '2024-11-22 22:08:18.436', 19, 'python'),
(49, 'def result(n):
    if n == 0:
        return 0
    elif n == 1:
        return 1
    a, b = 0, 1
    for _ in range(2, n + 1):
        a, b = b, a + b
    return b
', '2024-11-22 22:08:24.092', 20, 'python'),
(50, E'def tower_of_hanoi(n, source, target, auxiliary, logger):
    if n == 1:
        logger(f"Move disk from {source} to {target}")
        return
    tower_of_hanoi(n - 1, source, auxiliary, target, logger)
    logger(f"Move disk from {source} to {target}")
    tower_of_hanoi(n - 1, auxiliary, target, source, logger)

def result(n):
    output = []
    logger = lambda x: output.append(x)
    tower_of_hanoi(n, \'A\', \'C\', \'B\', logger)
    return \'\'.join(output)
', '2024-11-22 22:09:28.958', 21, 'python'),
(51, 'def result(arr):
    n = len(arr)
    for i in range(n):
        for j in range(0, n - i - 1):
            if arr[j] > arr[j + 1]:
                arr[j], arr[j + 1] = arr[j + 1], arr[j]
    return arr
', '2024-11-22 22:10:41.111', 22, 'python'),
(52, 'def result(arr):
    if len(arr) <= 1:
        return arr
    pivot = arr[len(arr) // 2]
    left = [x for x in arr if x < pivot]
    middle = [x for x in arr if x == pivot]
    right = [x for x in arr if x > pivot]
    return result(left) + middle + result(right)
', '2024-11-22 22:10:55.528', 23, 'python'),
(53, 'def result(arr):
    n = len(arr)
    for i in range(n):
        min_idx = i
        for j in range(i + 1, n):
            if arr[j] < arr[min_idx]:
                min_idx = j
        arr[i], arr[min_idx] = arr[min_idx], arr[i]
    return arr
', '2024-11-22 22:11:04.718', 24, 'python'),
(54, 'class Stack:
    def __init__(self):
        self.items = []

    def push(self, value):
        self.items.append(value)

    def pop(self):
        return self.items.pop() if not self.is_empty() else "N/A"

    def peek(self):
        return self.items[-1] if not self.is_empty() else "N/A"

    def is_empty(self):
        return len(self.items) == 0
', '2024-11-22 22:11:41.236', 25, 'python'),
(55, 'class Queue:
    def __init__(self):
        self.items = []

    def enqueue(self, value):
        self.items.append(value)

    def dequeue(self):
        return self.items.pop(0) if not self.is_empty() else "N/A"

    def peek(self):
        return self.items[0] if not self.is_empty() else "N/A"

    def is_empty(self):
        return len(self.items) == 0
', '2024-11-22 22:12:16.763', 26, 'python'),
(56, 'class BinaryTree:
    class Node:
        def __init__(self, value):
            self.value = value
            self.left = None
            self.right = None

    def __init__(self):
        self.root = None

    def insert(self, value):
        if self.root is None:
            self.root = self.Node(value)
        else:
            self._insert_recursive(self.root, value)

    def _insert_recursive(self, node, value):
        if value < node.value:
            if node.left is None:
                node.left = self.Node(value)
            else:
                self._insert_recursive(node.left, value)
        else:
            if node.right is None:
                node.right = self.Node(value)
            else:
                self._insert_recursive(node.right, value)

    def find(self, value):
        return self._find_recursive(self.root, value)

    def _find_recursive(self, node, value):
        if node is None:
            return False
        if node.value == value:
            return True
        elif value < node.value:
            return self._find_recursive(node.left, value)
        else:
            return self._find_recursive(node.right, value)

    def in_order_traversal(self):
        result = []
        self._in_order_recursive(self.root, result)
        return result

    def _in_order_recursive(self, node, result):
        if node is not None:
            self._in_order_recursive(node.left, result)
            result.append(node.value)
            self._in_order_recursive(node.right, result)

    def pre_order_traversal(self):
        result = []
        self._pre_order_recursive(self.root, result)
        return result

    def _pre_order_recursive(self, node, result):
        if node is not None:
            result.append(node.value)
            self._pre_order_recursive(node.left, result)
            self._pre_order_recursive(node.right, result)

    def post_order_traversal(self):
        result = []
        self._post_order_recursive(self.root, result)
        return result

    def _post_order_recursive(self, node, result):
        if node is not None:
            self._post_order_recursive(node.left, result)
            self._post_order_recursive(node.right, result)
            result.append(node.value)
', '2024-11-22 22:13:11.729', 27, 'python');

-- ==== submissions ====
INSERT INTO submissions (submission_id, content, grade, graded_at, submitted_at, assignment_id, user_id) VALUES 
(1, 'public class Result { public static int sum(int a, int b) {  int result = a + b; System.out.println("ameno "); return result; } }', 100, '2024-11-02 14:22:20.020', '2024-11-02 14:22:20.020', 1, 2),
(2, 'public class Result { public static int sum(int a, int b) {  int result = a + b; System.out.println("ameno "); return result; } }', 100, '2024-11-02 14:24:10.530', '2024-11-02 14:24:10.530', 1, 2),
(3, 'public class Result { public static int sum(int a, int b) {  int result = a + b; System.out.println("ameno "); return result; } }', 100, '2024-11-02 14:24:30.547', '2024-11-02 14:24:30.547', 1, 2),
(4, 'public class Result { public static int sum(int a, int b) {  int result = a + b; System.out.println("ameno "); return result; } }', 100, '2024-11-02 15:00:10.421', '2024-11-02 15:00:10.421', 1, 2),
(5, 'public class Result { public static int sum(int a, int b) {  int result = a + b; System.out.println("ameno "); return result; } }', 100, '2024-11-02 15:01:45.746', '2024-11-02 15:01:45.746', 1, 2),
(6, E'public class Result {\n    public static int sum(int a, int b) {\n        int result = a + b;\n        System.out.println("ameno");\n        return result;\n    }\n}', 100, '2024-11-02 15:04:35.732', '2024-11-02 15:04:35.732', 1, 2),
(7, E'public class Result {\n    public static int sum(int a, int b) {\n        int result = a + b;\n        return result;\n    }\n}', 100, '2024-11-02 15:44:11.674', '2024-11-02 15:44:11.674', 1, 2),
(8, E'public class Result {\n    public static int sum(int a, int b) {\n        int result = a + b;\n        System.out.println("ameno");\n        return result;\n    }\n}', 100, '2024-11-02 15:46:50.000', '2024-11-02 15:46:50.000', 1, 2),
(9, E'public class Result {\n    public static int sum(int a, int b) {\n        int result = a + b;\n        System.out.println("ameno");\n        return result;\n    }\n}', 100, '2024-11-02 15:56:18.737', '2024-11-02 15:56:18.737', 1, 2),
(10, E'public class Result {\n    public static int sum(int a, int b) {\n        int result = a + b;\n        System.out.println("ameno");\n        return result;\n    }\n}', 100, '2024-11-02 16:06:48.252', '2024-11-02 16:06:48.252', 1, 2),
(11, E'public class Result {\n    public static int sum(int a, int b) {\n        int result = a + b;\n        System.out.println("ameno");\n        return result;\n    }\n}', 100, '2024-11-02 16:12:10.849', '2024-11-02 16:12:10.849', 1, 2),
(12, E'public class Result {\n    public static int sum(int a, int b) {\n        int result = a + b;\n        System.out.println("ameno");\n        return result;\n    }\n}', 100, '2024-11-02 16:15:03.515', '2024-11-02 16:15:03.515', 1, 14),
(13, E'public class Result {\n    public static int sum(int a, int b) {\n        int result = a + b;\n        System.out.println("ameno");\n        System.out.println("ameno");\n        return result;\n    }\n}', 100, '2024-11-02 17:29:32.214', '2024-11-02 17:29:32.214', 1, 2),
(14, E'public class Result { \n    public static String reverseString(String input) { \n    String reversed = new StringBuilder(input).reverse().toString(); \n    return reversed; \n    }\n}', 100, '2024-11-02 17:58:49.607', '2024-11-02 17:58:49.607', 2, 2),
(15, E'public class Result {\n    public static int sum(int a, int b) {\n        int result = a + b;\n        System.out.println("ameno");\n        return result;\n    }\n}', 100, '2024-11-02 18:39:47.031', '2024-11-02 18:39:47.031', 1, 2),
(16, E'public class Result {\n    public static int sum(int a, int b) {\n        int result = a + b;\n        System.out.println("ameno");\n        return result;\n    }\n}', 100, '2024-11-02 18:39:56.039', '2024-11-02 18:39:56.039', 1, 2),
(17, E'public class Result {\n    public static int sum(int a, int b) {\n        int result = a + b;\n        System.out.println("ameno");\n        return result;\n    }\n}', 100, '2024-11-02 19:16:46.034', '2024-11-02 19:16:46.034', 1, 2),
(18, E'public class Result {\n    public static int sum(int a, int b) {\n        int result = a + b;\n        System.out.println("ameno");\n        return result;\n    }\n}', 100, '2024-11-02 19:18:46.145', '2024-11-02 19:18:46.145', 1, 2),
(19, E'public class Result { \n    public static String reverseString(String input) { \n    String reversed = new StringBuilder(input).reverse().toString(); \n    return reversed; \n    }\n}', 100, '2024-11-02 19:20:40.888', '2024-11-02 19:20:40.888', 2, 2),
(20, E'public class Result { \n    public static String reverseString(String input) { \n    String reversed = new StringBuilder(input).reverse().toString(); \n    return reversed; \n    }\n}', 100, '2024-11-02 19:34:26.485', '2024-11-02 19:34:26.485', 2, 2),
(21, E'public class Result { \n    public static String reverseString(String input) { \n    String reversed = new StringBuilder(input).reverse().toString(); \n    return reversed; \n    }\n}', 100, '2024-11-02 19:35:43.200', '2024-11-02 19:35:43.200', 2, 14),
(22, E'public class Result {\n    public static int sum(int a, int b) {\n        int result = a + b;\n        System.out.println("ameno");\n        return result;\n    }\n}', 100, '2024-11-02 19:36:09.699', '2024-11-02 19:36:09.699', 1, 14),
(23, E'public class Result {\n    public static int sum(int a, int b) {\n        int result = a + b;\n        System.out.println("ameno");\n        return result;\n    }\n}', 100, '2024-11-02 19:36:26.278', '2024-11-02 19:36:26.278', 1, 14),
(24, E'public class Result { \n    public static String reverseString(String input) { \n    String reversed = new StringBuilder(input).reverse().toString(); \n    return reversed; \n    }\n}', 100, '2024-11-02 19:36:53.756', '2024-11-02 19:36:53.756', 2, 14),
(25, E'public class Result { \n    public static String reverseString(String input) { \n    String reversed = new StringBuilder(input).reverse().toString(); \n    return reversed; \n    }\n}', 100, '2024-11-02 19:56:08.237', '2024-11-02 19:56:08.237', 2, 2),
(26, E'public class Result {\n    public static int sum(int a, int b) {\n        int result = a + b;\n        System.out.println("ameno");\n        return result;\n    }\n}', 100, '2024-11-02 19:56:35.522', '2024-11-02 19:56:35.522', 1, 2),
(27, E'public class Result { \n    public static String reverseString(String input) { \n    String reversed = new StringBuilder(input).reverse().toString(); \n    return reversed; \n    }\n}', 100, '2024-11-02 19:56:49.437', '2024-11-02 19:56:49.437', 2, 2),
(28, E'public class Result { \n    public static String reverseString(String input) { \n    String reversed = new StringBuilder(input).reverse().toString(); \n    return reversed; \n    }\n}', 100, '2024-11-02 19:57:13.514', '2024-11-02 19:57:13.514', 2, 14),
(29, E'public class Result {\n    public static int sum(int a, int b) {\n        int result = a + b;\n        System.out.println("ameno");\n        return result;\n    }\n}', 100, '2024-11-02 19:59:41.892', '2024-11-02 19:59:41.892', 1, 15),
(31, E'public class Result { \n    public static String reverseString(String input) { \n    String reversed = new StringBuilder(input).reverse().toString(); \n    return reversed; \n    }\n}', 100, '2024-11-02 20:02:43.851', '2024-11-02 20:02:43.851', 2, 15),
(32, E'public class Result { \n    public static String reverseString(String input) { \n    String reversed = new StringBuilder(input).reverse().toString(); \n    return reversed; \n    }\n}', 100, '2024-11-02 22:00:23.080', '2024-11-02 22:00:23.080', 2, 2),
(33, E'public class Result {\n    public static int sum(int a, int b) {\n        int result = a + b;\n        System.out.println("ameno");\n                System.out.println("XD");\n\n        return result;\n    }\n}', 100, '2024-11-03 14:54:42.620', '2024-11-03 14:54:42.620', 1, 2),
(34, 'public class Result { public static int sum(int a, int b) {  int result = a + b; System.out.println("ameno "); return result; } }', 100, '2024-11-03 15:02:01.403', '2024-11-03 15:02:01.403', 1, 2),
(35, E'public class Result {\n    public static int sum(int a, int b) {\n        int result = a + b;\n        System.out.println("ameno");\n        return result;\n    }\n}', 100, '2024-11-11 11:38:02.381', '2024-11-11 11:38:02.381', 1, 2),
(36, E'public class Result {\n    public static int sum(int a, int b) {\n        int result = a + b;\n        System.out.println("ameno");\n        return result;\n    }\n}', 100, '2024-11-11 14:57:03.732', '2024-11-11 14:57:03.732', 1, 17),
(37, E'public class Result { \n    public static String reverseString(String input) { \n        String reversed = new StringBuilder(input).reverse().toString(); \n        return reversed; \n}\n}', 100, '2024-11-11 14:59:32.789', '2024-11-11 14:59:32.789', 2, 17),
(38, E'public class Result {\n    public static int sum(int a, int b) {\n        int result = a + b;\n        System.out.println("ameno");\n        return result;\n    }\n}', 100, '2024-11-11 15:01:39.735', '2024-11-11 15:01:39.735', 1, 18),
(39, E'public class Result { \n    public static String reverseString(String input) { \n        String reversed = new StringBuilder(input).reverse().toString(); \n        return reversed; \n    }\n}', 100, '2024-11-11 15:02:04.997', '2024-11-11 15:02:04.997', 2, 18),
(40, E'public class Result {\n    public static int sum(int a, int b) {\n        int result = a + b;\n        System.out.println("ameno");\n        return result;\n    }\n}', 100, '2024-11-11 15:02:44.867', '2024-11-11 15:02:44.867', 1, 19),
(41, E'public class Result { \n    public static String reverseString(String input) { \n        String reversed = new StringBuilder(input).reverse().toString(); \n        return reversed; \n    }\n}', 100, '2024-11-11 15:03:06.982', '2024-11-11 15:03:06.982', 2, 19),
(42, 'public class Result { public static int sum(int a, int b) {  int result = a + b; System.out.println("ameno "); return result; } }', 100, '2024-11-11 15:24:35.762', '2024-11-11 15:24:35.762', 1, 2),
(43, 'public class Result { public static int sum(int a, int b) {  int result = a + b; System.out.println("ameno "); return result; } }', 100, '2024-11-11 15:26:07.769', '2024-11-11 15:26:07.769', 1, 2),
(44, E'public class Result {\n    public static int sum(int a, int b) {\n        int result = a + b;\n        System.out.println("ameno");\n        return result;\n    }\n}', 100, '2024-11-11 22:54:45.964', '2024-11-11 22:54:45.964', 1, 2),
(45, E'public class Result {\n    public static int sum(int a, int b) {\n        int result = a + b;\n        return result;\n    }\n}', 100, '2024-11-13 09:28:30.960', '2024-11-13 09:28:30.960', 1, 19),
(46, E'public class Result {\n    public static int sum(int a, int b) {\n        int result = a + b;\n        System.out.println("ameno");\n        return result;\n    }\n}', 100, '2024-11-14 22:16:12.567', '2024-11-14 22:16:12.567', 1, 2),
(47, E'public class Result {\n    public static int sum(int a, int b) {\n        int result = a + b;\n        System.out.println("ameno");\n        return result;\n    }\n}', 100, '2024-11-14 22:16:34.072', '2024-11-14 22:16:34.072', 1, 2),
(48, E'public class Result {\n    public static int sum(int a, int b) {\n        int result = a + b;\n        System.out.println("ameno");\n        return result;\n    }\n}', 100, '2024-11-14 22:16:46.197', '2024-11-14 22:16:46.197', 1, 2),
(49, E'public class Result {\n    public static int sum(int a, int b) {\n        int result = a + b;\n        System.out.println("ameno");\n        return result;\n    }\n}', 100, '2024-11-14 22:17:29.136', '2024-11-14 22:17:29.136', 1, 2),
(50, E'public class Result {\n    public static int sum(int a, int b) {\n        int result = a + b;\n        System.out.println("ameno");\n        return result;\n    }\n}', 100, '2024-11-14 22:21:19.742', '2024-11-14 22:21:19.742', 1, 2),
(51, E'public class Result {\n    public static int sum(int a, int b) {\n        int result = a + b;\n        System.out.println("ameno");\n        return result;\n    }\n}', 100, '2024-11-14 22:37:44.697', '2024-11-14 22:37:44.697', 1, 2),
(52, E'public class Result {\n    public static int sum(int a, int b) {\n        int result = a + b;\n        System.out.println("ameno");\n        return result;\n    }\n}', 100, '2024-11-14 23:04:26.145', '2024-11-14 23:04:26.145', 1, 2),
(53, E'public class Result {\n    public static int sum(int a, int b) {\n        int result = a + b;\n        System.out.println("ameno");\n        return result;\n    }\n}', 100, '2024-11-19 11:49:26.262', '2024-11-19 11:49:26.262', 1, 20),
(54, E'class Result {\n    public static int defineInteger(int value) {\n        return value;\n    }\n}\n', 100, '2024-11-22 11:08:29.252', '2024-11-22 11:08:29.252', 1, 2),
(55, E'public class Result {\n    public static int defineInteger(int value) {\n        return value;\n    }\n}', 100, '2024-11-22 15:26:49.518', '2024-11-22 15:26:49.518', 1, 14),
(56, E'public class Result {\n    public static int addTwoIntegers(int a, int b) {\n        return a + b;\n    }\n}', 100, '2024-11-22 15:27:05.482', '2024-11-22 15:27:05.482', 2, 14),
(57, E'public class Result {\n    public static String displayValue(int value) {\n        return String.valueOf(value);\n    }\n}', 100, '2024-11-22 15:32:24.356', '2024-11-22 15:32:24.356', 3, 14),
(58, E'public class Result {\n    public static double multiplyTwoNumbers(double a, double b) {\n        return a * b;\n    }\n}', 100, '2024-11-22 15:33:12.826', '2024-11-22 15:33:12.826', 5, 14),
(59, E'public class Result {\n    public static int divideAndRound(double a, double b) {\n        return (int) Math.round(a / b);\n    }\n}', 100, '2024-11-22 15:33:50.707', '2024-11-22 15:33:50.707', 6, 14),
(60, E'public class Result {\n    public static String checkIfEven(int number) {\n        if (number % 2 == 0) {\n            return number + " is even";\n        } else {\n            return number + " is not even";\n        }\n    }\n}', 100, '2024-11-22 15:34:51.154', '2024-11-22 15:34:51.154', 7, 14),
(61, E'public class Result {\n    public static String checkIfPositive(int number) {\n        if (number > 0) {\n            return number + " is positive";\n        } else {\n            return number + " is not positive";\n        }\n    }\n}', 100, '2024-11-22 15:36:13.524', '2024-11-22 15:36:13.524', 8, 14),
(62, E'public class Result {\n     public static String compareTwoNumbers(int a, int b) {\n        if (a > b) {\n            return a + " is greater than " + b;\n        } else {\n            return a + " is not greater than " + b;\n        }\n    }\n}', 100, '2024-11-22 15:36:52.137', '2024-11-22 15:36:52.137', 9, 14),
(63, E'public class Result {\n    public static Integer findLargestElement(Integer[] array) {\n        if (array == null || array.length == 0) {\n            throw new IllegalArgumentException("Array cannot be null or empty");\n        }\n        \n        int max = array[0];\n        for (int i = 1; i < array.length; i++) {\n            if (array[i] > max) {\n                max = array[i];\n            }\n        }\n        return max;\n    }\n}', 100, '2024-11-22 15:45:21.022', '2024-11-22 15:45:21.022', 12, 14),
(64, E'public class Result {\n    public static int sumNumbersUpToN(int n) {\n        int sum = 0;\n        int i = 1;\n        \n        while (i <= n) {\n            sum += i;\n            i++;\n        }\n        \n        return sum;\n    }\n}', 100, '2024-11-22 15:47:02.588', '2024-11-22 15:47:02.588', 14, 14),
(65, E'public class Result {\n    public static int sumTwoNumbers(int a, int b) {\n        return a + b;\n    }\n}', 100, '2024-11-22 15:48:32.063', '2024-11-22 15:48:32.063', 16, 14),
(66, E'import java.util.List;\n\npublic class Result {\n    public static Integer findLargestInList(List<Integer> numbers) {\n        if (numbers == null || numbers.isEmpty()) {\n            throw new IllegalArgumentException("List cannot be null or empty");\n        }\n\n        Integer max = numbers.get(0);\n        for (Integer number : numbers) {\n            if (number > max) {\n                max = number;\n            }\n        }\n        return max;\n    }\n}\n', 100, '2024-11-22 15:51:42.484', '2024-11-22 15:51:42.484', 17, 14),
(67, E'public class Result {\n    public static int factorial(int n) {\n        if (n < 0) {\n            throw new IllegalArgumentException("Input must be a non-negative integer");\n        }\n        if (n == 0) {\n            return 1;\n        }\n        return n * factorial(n - 1);\n    }\n}', 100, '2024-11-22 15:52:10.282', '2024-11-22 15:52:10.282', 18, 14),
(68, E'public class Result {\n    public static int sumToN(int n) {\n        if (n < 0) {\n            throw new IllegalArgumentException("Input must be a non-negative integer");\n        }\n        if (n == 0) {\n            return 0;\n        }\n        return n + sumToN(n - 1);\n    }\n}\n', 100, '2024-11-22 15:52:34.850', '2024-11-22 15:52:34.850', 19, 14),
(69, E'public class Result {\n    public static int fibonacci(int n) {\n        if (n < 0) {\n            throw new IllegalArgumentException("Input must be a non-negative integer");\n        }\n        if (n == 0) {\n            return 0;\n        }\n        if (n == 1) {\n            return 1;\n        }\n        return fibonacci(n - 1) + fibonacci(n - 2);\n    }\n}', 100, '2024-11-22 15:53:02.798', '2024-11-22 15:53:02.798', 20, 14),
(70, E'import java.io.*;\nimport java.util.function.Consumer;\n\npublic class Result {\n    public static void towerOfHanoi(int n, char source, char destination, char auxiliary, Consumer<String> logger) {\n        if (n == 0) {\n            return;\n        }\n        towerOfHanoi(n - 1, source, auxiliary, destination, logger);\n        logger.accept("Move disk from " + source + " to " + destination);\n        towerOfHanoi(n - 1, auxiliary, destination, source, logger);\n    }\n}', 100, '2024-11-22 15:53:37.263', '2024-11-22 15:53:37.263', 21, 14),
(71, E'import java.io.*;\nimport java.util.*;\nimport java.util.function.Function;\n\npublic class Result {\n    public static List<Integer> bubbleSort(List<Integer> numbers) {\n        if (numbers == null || numbers.isEmpty()) {\n            return numbers;\n        }\n        \n        List<Integer> sortedNumbers = new ArrayList<>(numbers);\n        int n = sortedNumbers.size();\n        boolean swapped;\n        do {\n            swapped = false;\n            for (int i = 0; i < n - 1; i++) {\n                if (sortedNumbers.get(i) > sortedNumbers.get(i + 1)) {\n                    int temp = sortedNumbers.get(i);\n                    sortedNumbers.set(i, sortedNumbers.get(i + 1));\n                    sortedNumbers.set(i + 1, temp);\n                    swapped = true;\n                }\n            }\n            n--;\n        } while (swapped);\n        \n        return sortedNumbers;\n    }\n}\n', 100, '2024-11-22 15:54:05.804', '2024-11-22 15:54:05.804', 22, 14),
(72, E'import java.io.*;\nimport java.util.*;\nimport java.util.function.Function;\nimport java.util.function.Consumer;\n\npublic class Result {\n    public static List<Integer> quickSort(List<Integer> numbers) {\n        if (numbers == null || numbers.size() <= 1) {\n            return numbers;\n        }\n        List<Integer> sortedNumbers = new ArrayList<>(numbers);\n        quickSortHelper(sortedNumbers, 0, sortedNumbers.size() - 1);\n        return sortedNumbers;\n    }\n\n    private static void quickSortHelper(List<Integer> list, int low, int high) {\n        if (low < high) {\n            int pivotIndex = partition(list, low, high);\n            quickSortHelper(list, low, pivotIndex - 1);\n            quickSortHelper(list, pivotIndex + 1, high);\n        }\n    }\n\n    private static int partition(List<Integer> list, int low, int high) {\n        int pivot = list.get(high);\n        int i = low - 1;\n        for (int j = low; j < high; j++) {\n            if (list.get(j) < pivot) {\n                i++;\n                Collections.swap(list, i, j);\n            }\n        }\n        Collections.swap(list, i + 1, high);\n        return i + 1;\n    }\n}', 100, '2024-11-22 15:55:15.616', '2024-11-22 15:55:15.616', 23, 14),
(73, E'import java.io.*;\nimport java.util.*;\n\nclass Stack {\n    private List<Integer> stack;\n\n    public Stack() {\n        stack = new ArrayList<>();\n    }\n\n\n    public void push(int value) {\n        stack.add(value);\n    }\n\n    public int pop() {\n        if (isEmpty()) {\n            throw new EmptyStackException();\n        }\n        return stack.remove(stack.size() - 1);\n    }\n\n    public int peek() {\n        if (isEmpty()) {\n            throw new EmptyStackException();\n        }\n        return stack.get(stack.size() - 1);\n    }\n\n    public boolean isEmpty() {\n        return stack.isEmpty();\n    }\n}', 100, '2024-11-22 15:56:09.261', '2024-11-22 15:56:09.261', 25, 14),
(74, E'import java.io.*; \n\nimport java.util.*; \n\n  class Queue { \n\n    private LinkedList<Integer> queue; \n\n    public Queue() { \n\n        queue = new LinkedList<>(); \n\n    } \n\n    public void add(int value) { \n\n        queue.addLast(value); \n\n    } \n\n    public int remove() { \n\n        if (isEmpty()) { \n\n            throw new NoSuchElementException("Queue is empty"); \n\n        } \n\n        return queue.removeFirst(); \n\n    } \n\n    public int peek() { \n\n        if (isEmpty()) { \n\n            throw new NoSuchElementException("Queue is empty"); \n\n        } \n\n        return queue.getFirst(); \n\n    } \n\n    public boolean isEmpty() { \n\n        return queue.isEmpty(); \n\n    } \n\n} ', 100, '2024-11-22 15:57:44.515', '2024-11-22 15:57:44.515', 26, 14),
(75, E'import java.util.*; \n\nclass BinaryTree { \n\n    static class Node { \n\n        int value; \n\n        Node left, right; \n\n  \n\n        Node(int value) { \n\n            this.value = value; \n\n            left = right = null; \n\n        } \n\n    } \n\n  \n\n    private Node root; \n\n\n    public BinaryTree() { \n\n        root = null; \n\n    } \n\n\n\n    public void insert(int value) { \n\n        root = insertRec(root, value); \n\n    } \n\n  \n\n    private Node insertRec(Node root, int value) { \n\n        if (root == null) { \n\n            root = new Node(value); \n\n            return root; \n\n        } \n\n        if (value < root.value) { \n\n            root.left = insertRec(root.left, value); \n\n        } else if (value > root.value) { \n\n            root.right = insertRec(root.right, value); \n\n        } \n\n        return root; \n\n    } \n\n\n    public boolean find(int value) { \n\n        return findRec(root, value); \n\n    } \n\n  \n\n    private boolean findRec(Node root, int value) { \n\n        if (root == null) { \n\n            return false; \n\n        } \n\n        if (root.value == value) { \n\n            return true; \n\n        } \n\n        if (value < root.value) { \n\n            return findRec(root.left, value); \n\n        } \n\n        return findRec(root.right, value); \n\n    } \n\n\n    public List<Integer> inOrderTraversal() { \n\n        List<Integer> result = new ArrayList<>(); \n\n        inOrderRec(root, result); \n\n        return result; \n\n    } \n\n  \n\n    private void inOrderRec(Node root, List<Integer> result) { \n\n        if (root != null) { \n\n            inOrderRec(root.left, result); \n\n            result.add(root.value); \n\n            inOrderRec(root.right, result); \n\n        } \n\n    } \n\n\n    public List<Integer> preOrderTraversal() { \n\n        List<Integer> result = new ArrayList<>(); \n\n        preOrderRec(root, result); \n\n        return result; \n\n    } \n\n  \n\n    private void preOrderRec(Node root, List<Integer> result) { \n\n        if (root != null) { \n\n            result.add(root.value); \n\n            preOrderRec(root.left, result); \n\n            preOrderRec(root.right, result); \n\n        } \n\n    }  \n\n    public List<Integer> postOrderTraversal() { \n\n        List<Integer> result = new ArrayList<>(); \n\n        postOrderRec(root, result); \n\n        return result; \n\n    } \n\n  \n\n    private void postOrderRec(Node root, List<Integer> result) { \n\n        if (root != null) { \n\n            postOrderRec(root.left, result); \n\n            postOrderRec(root.right, result); \n\n            result.add(root.value); \n\n        } \n\n    } \n\n} ', 100, '2024-11-22 15:58:28.136', '2024-11-22 15:58:28.136', 27, 14),
(76, E'public class Result { \n\n    public static int defineInteger(int value) { \n\n        return value; \n\n    } \n\n} ', 100, '2024-11-22 16:16:34.558', '2024-11-22 16:16:34.558', 1, 2),
(77, E'public class Result { \n\n    public static int addTwoIntegers(int a, int b) { \n\n        return a + b; \n\n    } \n\n} ', 100, '2024-11-22 16:16:40.789', '2024-11-22 16:16:40.789', 2, 2),
(78, E'public class Result { \n\n    public static String displayValue(int value) { \n\n        return String.valueOf(value); \n\n    } \n\n} \n', 100, '2024-11-22 16:16:53.221', '2024-11-22 16:16:53.221', 3, 2),
(79, E'public class Result { \n\n    public static int defineInteger(int value) { \n\n        return value; \n\n    } \n\n} ', 100, '2024-11-22 16:17:42.024', '2024-11-22 16:17:42.024', 1, 22),
(80, E'public class Result { \n\n    public static int addTwoIntegers(int a, int b) { \n\n        return a + b; \n\n    } \n\n} ', 100, '2024-11-22 16:17:54.171', '2024-11-22 16:17:54.171', 2, 22),
(81, E'public class Result { \n\n    public static String displayValue(int value) { \n\n        return String.valueOf(value); \n\n    } \n\n} ', 100, '2024-11-22 16:18:07.131', '2024-11-22 16:18:07.131', 3, 22),
(82, E'public class Result { \n\n    public static double addTwoNumbers(double a, double b) { \n\n        return a + b; \n\n    } \n\n} ', 100, '2024-11-22 16:18:23.722', '2024-11-22 16:18:23.722', 4, 22),
(83, E'public class Result { \n\n    public static double multiplyTwoNumbers(double a, double b) { \n\n        return a * b; \n\n    } \n\n} ', 100, '2024-11-22 16:18:29.937', '2024-11-22 16:18:29.937', 5, 22),
(84, E'public class Result { \n\n    public static int divideAndRound(double a, double b) { \n\n        return (int) Math.round(a / b); \n\n    } \n\n} ', 100, '2024-11-22 16:18:38.386', '2024-11-22 16:18:38.386', 6, 22),
(85, E'public class Result { \n\n    public static String checkIfEven(int number) { \n\n        if (number % 2 == 0) { \n\n            return number + " is even"; \n\n        } else { \n\n            return number + " is not even"; \n\n        } \n\n    } \n\n} ', 100, '2024-11-22 16:18:57.282', '2024-11-22 16:18:57.282', 7, 22),
(86, E'public class Result { \n\n    public static String checkIfPositive(int number) { \n\n        if (number > 0) { \n\n            return number + " is positive"; \n\n        } else { \n\n            return number + " is not positive"; \n\n        } \n\n    } \n\n} ', 100, '2024-11-22 16:19:04.184', '2024-11-22 16:19:04.184', 8, 22),
(87, E'public class Result { \n\n     public static String compareTwoNumbers(int a, int b) { \n\n        if (a > b) { \n\n            return a + " is greater than " + b; \n\n        } else { \n\n            return a + " is not greater than " + b; \n\n        } \n\n    } \n\n} ', 100, '2024-11-22 16:19:09.448', '2024-11-22 16:19:09.448', 9, 22),
(88, E'import java.util.List;\nimport java.util.Arrays;\n\npublic class Result {\n    public static List<Integer> defineArray() {\n        return Arrays.asList(10, 20, 30, 40, 50, 60, 70, 80, 90, 100);\n    }\n}\n', 100, '2024-11-22 16:32:26.899', '2024-11-22 16:32:26.899', 10, 22),
(89, E'import java.util.List;\n\npublic class Result {\n    public static int calculateSum(List<Integer> numbers) {\n        int sum = 0;\n        for (int number : numbers) {\n            sum += number;\n        }\n        return sum;\n    }\n}\n', 100, '2024-11-22 16:33:58.567', '2024-11-22 16:33:58.567', 11, 22),
(90, E'public class Result { \n\n    public static Integer findLargestElement(Integer[] array) { \n\n        if (array == null || array.length == 0) { \n\n            throw new IllegalArgumentException("Array cannot be null or empty"); \n\n        } \n\n         \n\n        int max = array[0]; \n\n        for (int i = 1; i < array.length; i++) { \n\n            if (array[i] > max) { \n\n                max = array[i]; \n\n            } \n\n        } \n\n        return max; \n\n    } \n\n} ', 100, '2024-11-22 16:34:20.602', '2024-11-22 16:34:20.602', 12, 22),
(91, E'public class Result {\n    public static int calculateSumOfEvens() {\n        int sum = 0;\n        for (int i = 1; i <= 20; i++) {\n            if (i % 2 == 0) {\n                sum += i;\n            }\n        }\n        return sum;\n    }\n}', 100, '2024-11-22 16:40:54.370', '2024-11-22 16:40:54.370', 13, 22),
(92, E'public class Result {\n    public static int findNumberDivisibleBy7(int[] numbers) {\n        int index = 0;\n        int number;\n        while (index < numbers.length) {\n            number = numbers[index];\n            if (number % 7 == 0) {\n                return number;\n            }\n            index++;\n        }\n        return -1;\n    }\n}', 100, '2024-11-22 16:45:26.950', '2024-11-22 16:45:26.950', 15, 22),
(93, E'import java.util.List;\nimport java.util.Arrays;\n\npublic class Result {\n    public static List<Integer> selectionSort(List<Integer> numbers) {\n        Integer[] array = numbers.toArray(new Integer[0]);\n        int n = array.length;\n\n        for (int i = 0; i < n - 1; i++) {\n            int minIndex = i;\n            for (int j = i + 1; j < n; j++) {\n                if (array[j] < array[minIndex]) {\n                    minIndex = j;\n                }\n            }\n\n            int temp = array[minIndex];\n            array[minIndex] = array[i];\n            array[i] = temp;\n        }\n\n        return Arrays.asList(array);\n    }\n}\n', 100, '2024-11-22 16:54:12.141', '2024-11-22 16:54:12.141', 24, 14),
(94, E'def result(a, b):\n    # Funkcja przyjmuje dwie liczby calkowite i zwraca ich sume\n    return a + b', 100, '2024-11-22 17:54:46.418', '2024-11-22 17:54:46.418', 2, 2),
(95, 'def result(value):
    return str(value)', 100, '2024-11-22 17:55:43.624', '2024-11-22 17:55:43.624', 3, 2),
(96, 'def result(a, b):
    return a + b', 100, '2024-11-22 17:56:02.672', '2024-11-22 17:56:02.672', 2, 2),
(97, E'def result(input_value): \n\n    return input_value ', 100, '2024-11-22 17:56:11.139', '2024-11-22 17:56:11.139', 1, 2),
(98, 'def result(a, b):
    return a + b', 100, '2024-11-22 17:58:11.170', '2024-11-22 17:58:11.170', 4, 14),
(99, 'def result(a, b):
    return a * b', 100, '2024-11-22 17:58:43.536', '2024-11-22 17:58:43.536', 5, 14),
(100, E'def result(a, b):\n    return round(a / b)\n', 100, '2024-11-22 18:01:23.050', '2024-11-22 18:01:23.050', 6, 14),
(101, 'def result(input_value): 
    return input_value', 100, '2024-11-26 00:28:50.656', '2024-11-26 00:28:50.656', 1, 2),
(102, E'def result(input_value):\r\n    return input_value;', 100, '2025-01-05 21:34:31.021', '2025-01-05 21:34:31.021', 1, 14);

-- ==== Reset sequences to continue from max id ====
SELECT setval('role_role_id_seq', (SELECT MAX(role_id) FROM role));
SELECT setval('courses_course_id_seq', (SELECT MAX(course_id) FROM courses));
SELECT setval('lessons_lesson_id_seq', (SELECT MAX(lesson_id) FROM lessons));
SELECT setval('user_user_id_seq', (SELECT MAX(user_id) FROM "user"));
SELECT setval('daily_task_task_id_seq', (SELECT MAX(task_id) FROM daily_task));
SELECT setval('quiz_quiz_id_seq', (SELECT MAX(quiz_id) FROM quiz));
SELECT setval('question_question_id_seq', (SELECT MAX(question_id) FROM question));
SELECT setval('video_metadata_id_seq', (SELECT MAX(id) FROM video_metadata));
SELECT setval('assignments_assignment_id_seq', (SELECT MAX(assignment_id) FROM assignments));
SELECT setval('daily_task_assignment_id_seq', (SELECT MAX(id) FROM daily_task_assignment));
SELECT setval('daily_task_result_daily_task_result_id_seq', (SELECT MAX(daily_task_result_id) FROM daily_task_result));
SELECT setval('progress_progress_id_seq', (SELECT MAX(progress_id) FROM progress));
SELECT setval('quiz_result_quiz_result_id_seq', (SELECT MAX(quiz_result_id) FROM quiz_result));
SELECT setval('solutions_solution_id_seq', (SELECT MAX(solution_id) FROM solutions));
SELECT setval('submissions_submission_id_seq', (SELECT MAX(submission_id) FROM submissions));
